params,mean_test_score,rank_test_score
"{'bagging_temperature': np.float64(0.5391612766752545), 'depth': 13, 'iterations': 2443, 'l2_leaf_reg': 2, 'learning_rate': np.float64(0.03313512928769908), 'loss_function': 'RMSE', 'one_hot_max_size': 50, 'random_strength': 2}",-1.4550317856626738,1
"{'bagging_temperature': np.float64(0.3664687845828599), 'depth': 11, 'iterations': 2158, 'l2_leaf_reg': 3, 'learning_rate': np.float64(0.0717090713664527), 'loss_function': 'RMSE', 'one_hot_max_size': 50, 'random_strength': 10}",-1.459814085394998,2
"{'bagging_temperature': np.float64(0.505888678884466), 'depth': 12, 'iterations': 2639, 'l2_leaf_reg': 11, 'learning_rate': np.float64(0.16319762905903212), 'loss_function': 'RMSE', 'one_hot_max_size': 50, 'random_strength': 1}",-1.4671393200929077,3
"{'bagging_temperature': np.float64(0.9266588657937942), 'depth': 11, 'iterations': 2275, 'l2_leaf_reg': 9, 'learning_rate': np.float64(0.1780383803110714), 'loss_function': 'RMSE', 'one_hot_max_size': 50, 'random_strength': 1}",-1.4680590966504794,4
"{'bagging_temperature': np.float64(0.0388347344294232), 'depth': 9, 'iterations': 3491, 'l2_leaf_reg': 5, 'learning_rate': np.float64(0.04780288922872256), 'loss_function': 'RMSE', 'one_hot_max_size': 50, 'random_strength': 10}",-1.478199172905417,5
"{'bagging_temperature': np.float64(0.9493067970577657), 'depth': 10, 'iterations': 3670, 'l2_leaf_reg': 8, 'learning_rate': np.float64(0.16551737561465643), 'loss_function': 'RMSE', 'one_hot_max_size': 50, 'random_strength': 1}",-1.479570629450664,6
"{'bagging_temperature': np.float64(0.7036578593800237), 'depth': 13, 'iterations': 3521, 'l2_leaf_reg': 5, 'learning_rate': np.float64(0.04130484301336275), 'loss_function': 'RMSE', 'one_hot_max_size': 10, 'random_strength': 2}",-1.4837397531563876,7
"{'bagging_temperature': np.float64(0.5941307153521351), 'depth': 12, 'iterations': 3874, 'l2_leaf_reg': 11, 'learning_rate': np.float64(0.055003719843048256), 'loss_function': 'RMSE', 'one_hot_max_size': 10, 'random_strength': 1}",-1.485609779440744,8
"{'bagging_temperature': np.float64(0.435583314812933), 'depth': 14, 'iterations': 2367, 'l2_leaf_reg': 6, 'learning_rate': np.float64(0.06989813698367073), 'loss_function': 'RMSE', 'one_hot_max_size': 20, 'random_strength': 1}",-1.4859901219275746,9
"{'bagging_temperature': np.float64(0.14224936868719618), 'depth': 12, 'iterations': 2179, 'l2_leaf_reg': 3, 'learning_rate': np.float64(0.017032539422915893), 'loss_function': 'RMSE', 'one_hot_max_size': 50, 'random_strength': 10}",-1.491374685899104,10
"{'bagging_temperature': np.float64(0.37785054927578643), 'depth': 8, 'iterations': 3504, 'l2_leaf_reg': 1, 'learning_rate': np.float64(0.17428058291896767), 'loss_function': 'RMSE', 'one_hot_max_size': 50, 'random_strength': 2}",-1.491952104005168,11
"{'bagging_temperature': np.float64(0.11423792592039683), 'depth': 11, 'iterations': 3106, 'l2_leaf_reg': 7, 'learning_rate': np.float64(0.10980842948638361), 'loss_function': 'RMSE', 'one_hot_max_size': 10, 'random_strength': 5}",-1.4937618685724936,12
"{'bagging_temperature': np.float64(0.8680543225322929), 'depth': 11, 'iterations': 1988, 'l2_leaf_reg': 5, 'learning_rate': np.float64(0.1525171462309988), 'loss_function': 'RMSE', 'one_hot_max_size': 20, 'random_strength': 10}",-1.4941788203783857,13
"{'bagging_temperature': np.float64(0.2487142725876299), 'depth': 14, 'iterations': 3560, 'l2_leaf_reg': 9, 'learning_rate': np.float64(0.016494020602961713), 'loss_function': 'RMSE', 'one_hot_max_size': 20, 'random_strength': 1}",-1.4943928242737037,14
"{'bagging_temperature': np.float64(0.22855002179729966), 'depth': 13, 'iterations': 1623, 'l2_leaf_reg': 9, 'learning_rate': np.float64(0.047006594771349115), 'loss_function': 'RMSE', 'one_hot_max_size': 10, 'random_strength': 1}",-1.4954058786802205,15
"{'bagging_temperature': np.float64(0.766656135200406), 'depth': 13, 'iterations': 2462, 'l2_leaf_reg': 2, 'learning_rate': np.float64(0.01581380989817667), 'loss_function': 'RMSE', 'one_hot_max_size': 20, 'random_strength': 10}",-1.4991822203181595,16
"{'bagging_temperature': np.float64(0.7677795014428388), 'depth': 9, 'iterations': 2828, 'l2_leaf_reg': 11, 'learning_rate': np.float64(0.16314682096659142), 'loss_function': 'RMSE', 'one_hot_max_size': 20, 'random_strength': 5}",-1.4999766798334369,17
"{'bagging_temperature': np.float64(0.22056112492232327), 'depth': 9, 'iterations': 2982, 'l2_leaf_reg': 1, 'learning_rate': np.float64(0.12400916707094213), 'loss_function': 'RMSE', 'one_hot_max_size': 10, 'random_strength': 1}",-1.50032681103737,18
"{'bagging_temperature': np.float64(0.9293759891275858), 'depth': 14, 'iterations': 2415, 'l2_leaf_reg': 10, 'learning_rate': np.float64(0.023134557603656035), 'loss_function': 'RMSE', 'one_hot_max_size': 10, 'random_strength': 2}",-1.5005128669550492,19
"{'bagging_temperature': np.float64(0.6967371653641506), 'depth': 14, 'iterations': 1412, 'l2_leaf_reg': 8, 'learning_rate': np.float64(0.09043769334478914), 'loss_function': 'RMSE', 'one_hot_max_size': 2, 'random_strength': 1}",-1.500698446364807,20
"{'bagging_temperature': np.float64(0.09169933511143014), 'depth': 10, 'iterations': 1339, 'l2_leaf_reg': 5, 'learning_rate': np.float64(0.08968247520456903), 'loss_function': 'RMSE', 'one_hot_max_size': 20, 'random_strength': 1}",-1.5007507126125204,21
"{'bagging_temperature': np.float64(0.4420243737828575), 'depth': 13, 'iterations': 2628, 'l2_leaf_reg': 10, 'learning_rate': np.float64(0.07428429245091259), 'loss_function': 'RMSE', 'one_hot_max_size': 2, 'random_strength': 1}",-1.502961889904556,22
"{'bagging_temperature': np.float64(0.08698675991141014), 'depth': 11, 'iterations': 1974, 'l2_leaf_reg': 6, 'learning_rate': np.float64(0.021774463545602488), 'loss_function': 'RMSE', 'one_hot_max_size': 50, 'random_strength': 2}",-1.5042353769839547,23
"{'bagging_temperature': np.float64(0.8627970775432285), 'depth': 10, 'iterations': 3708, 'l2_leaf_reg': 1, 'learning_rate': np.float64(0.01706725013025104), 'loss_function': 'RMSE', 'one_hot_max_size': 20, 'random_strength': 5}",-1.5048026951981486,24
"{'bagging_temperature': np.float64(0.6703854583544122), 'depth': 11, 'iterations': 2994, 'l2_leaf_reg': 3, 'learning_rate': np.float64(0.14655842782536851), 'loss_function': 'RMSE', 'one_hot_max_size': 10, 'random_strength': 1}",-1.5081992251302776,25
"{'bagging_temperature': np.float64(0.5479718832480873), 'depth': 8, 'iterations': 3504, 'l2_leaf_reg': 8, 'learning_rate': np.float64(0.11212854774298901), 'loss_function': 'RMSE', 'one_hot_max_size': 20, 'random_strength': 10}",-1.5084925485195568,26
"{'bagging_temperature': np.float64(0.39931591580930814), 'depth': 11, 'iterations': 1629, 'l2_leaf_reg': 5, 'learning_rate': np.float64(0.09101093685127504), 'loss_function': 'RMSE', 'one_hot_max_size': 2, 'random_strength': 2}",-1.5089108018099688,27
"{'bagging_temperature': np.float64(0.5270414639116516), 'depth': 10, 'iterations': 2508, 'l2_leaf_reg': 4, 'learning_rate': np.float64(0.03362442748432367), 'loss_function': 'RMSE', 'one_hot_max_size': 20, 'random_strength': 5}",-1.5093024669226451,28
"{'bagging_temperature': np.float64(0.0025950243836465603), 'depth': 7, 'iterations': 2280, 'l2_leaf_reg': 8, 'learning_rate': np.float64(0.09408238141372917), 'loss_function': 'RMSE', 'one_hot_max_size': 50, 'random_strength': 5}",-1.5104511783200596,29
"{'bagging_temperature': np.float64(0.5956387406078443), 'depth': 11, 'iterations': 3038, 'l2_leaf_reg': 3, 'learning_rate': np.float64(0.028437281645899343), 'loss_function': 'RMSE', 'one_hot_max_size': 2, 'random_strength': 2}",-1.5113267043054068,30
"{'bagging_temperature': np.float64(0.09170414725848108), 'depth': 12, 'iterations': 3995, 'l2_leaf_reg': 11, 'learning_rate': np.float64(0.018913215558306867), 'loss_function': 'RMSE', 'one_hot_max_size': 20, 'random_strength': 10}",-1.51183451249142,31
"{'bagging_temperature': np.float64(0.6070940360887808), 'depth': 14, 'iterations': 1649, 'l2_leaf_reg': 9, 'learning_rate': np.float64(0.032253765652822806), 'loss_function': 'RMSE', 'one_hot_max_size': 2, 'random_strength': 2}",-1.5128943231697696,32
"{'bagging_temperature': np.float64(0.45924889196586716), 'depth': 8, 'iterations': 3919, 'l2_leaf_reg': 8, 'learning_rate': np.float64(0.07027897634919636), 'loss_function': 'RMSE', 'one_hot_max_size': 10, 'random_strength': 10}",-1.5129302830782625,33
"{'bagging_temperature': np.float64(0.8887480798689772), 'depth': 12, 'iterations': 3785, 'l2_leaf_reg': 10, 'learning_rate': np.float64(0.11303285447367498), 'loss_function': 'RMSE', 'one_hot_max_size': 2, 'random_strength': 5}",-1.513782782633343,34
"{'bagging_temperature': np.float64(0.7247667715287615), 'depth': 10, 'iterations': 3544, 'l2_leaf_reg': 4, 'learning_rate': np.float64(0.10684508667808994), 'loss_function': 'RMSE', 'one_hot_max_size': 2, 'random_strength': 2}",-1.5141120963619532,35
"{'bagging_temperature': np.float64(0.7965372909761763), 'depth': 12, 'iterations': 3781, 'l2_leaf_reg': 7, 'learning_rate': np.float64(0.01455025051340813), 'loss_function': 'RMSE', 'one_hot_max_size': 10, 'random_strength': 10}",-1.514984492425274,36
"{'bagging_temperature': np.float64(0.01530454029038475), 'depth': 6, 'iterations': 3489, 'l2_leaf_reg': 1, 'learning_rate': np.float64(0.05032064965557853), 'loss_function': 'RMSE', 'one_hot_max_size': 50, 'random_strength': 10}",-1.515357400231671,37
"{'bagging_temperature': np.float64(0.7243388171287412), 'depth': 13, 'iterations': 3335, 'l2_leaf_reg': 7, 'learning_rate': np.float64(0.1012057863808806), 'loss_function': 'RMSE', 'one_hot_max_size': 2, 'random_strength': 10}",-1.5163087447824002,38
"{'bagging_temperature': np.float64(0.5209579772720422), 'depth': 9, 'iterations': 3453, 'l2_leaf_reg': 2, 'learning_rate': np.float64(0.10594589165695376), 'loss_function': 'RMSE', 'one_hot_max_size': 2, 'random_strength': 10}",-1.5178123162347628,39
"{'bagging_temperature': np.float64(0.07128027005516391), 'depth': 12, 'iterations': 2827, 'l2_leaf_reg': 11, 'learning_rate': np.float64(0.031223985508760835), 'loss_function': 'RMSE', 'one_hot_max_size': 2, 'random_strength': 2}",-1.5181518568269998,40
"{'bagging_temperature': np.float64(0.7370355567910089), 'depth': 14, 'iterations': 3705, 'l2_leaf_reg': 9, 'learning_rate': np.float64(0.0978922191729749), 'loss_function': 'RMSE', 'one_hot_max_size': 2, 'random_strength': 2}",-1.518499506989758,41
"{'bagging_temperature': np.float64(0.6521232455304379), 'depth': 12, 'iterations': 3040, 'l2_leaf_reg': 2, 'learning_rate': np.float64(0.13069707019704727), 'loss_function': 'RMSE', 'one_hot_max_size': 20, 'random_strength': 1}",-1.5189803790841208,42
"{'bagging_temperature': np.float64(0.49542362640396564), 'depth': 10, 'iterations': 1922, 'l2_leaf_reg': 4, 'learning_rate': np.float64(0.19862230601708872), 'loss_function': 'RMSE', 'one_hot_max_size': 2, 'random_strength': 1}",-1.5195750268528807,43
"{'bagging_temperature': np.float64(0.8262056957939659), 'depth': 8, 'iterations': 2796, 'l2_leaf_reg': 6, 'learning_rate': np.float64(0.18231885750541876), 'loss_function': 'RMSE', 'one_hot_max_size': 2, 'random_strength': 5}",-1.5207079700058137,44
"{'bagging_temperature': np.float64(0.800749771486121), 'depth': 10, 'iterations': 2823, 'l2_leaf_reg': 2, 'learning_rate': np.float64(0.13427182376767427), 'loss_function': 'RMSE', 'one_hot_max_size': 2, 'random_strength': 5}",-1.5207328393456108,45
"{'bagging_temperature': np.float64(0.3664615348713979), 'depth': 10, 'iterations': 3190, 'l2_leaf_reg': 5, 'learning_rate': np.float64(0.031256291329386066), 'loss_function': 'RMSE', 'one_hot_max_size': 2, 'random_strength': 1}",-1.5223792036882209,46
"{'bagging_temperature': np.float64(0.5427244433475962), 'depth': 14, 'iterations': 3116, 'l2_leaf_reg': 4, 'learning_rate': np.float64(0.017229158911889315), 'loss_function': 'MAE', 'one_hot_max_size': 50, 'random_strength': 2}",-1.523925514202112,47
"{'bagging_temperature': np.float64(0.15467214088323622), 'depth': 12, 'iterations': 1153, 'l2_leaf_reg': 2, 'learning_rate': np.float64(0.013762189220971307), 'loss_function': 'RMSE', 'one_hot_max_size': 50, 'random_strength': 1}",-1.524685301694292,48
"{'bagging_temperature': np.float64(0.11586905952512971), 'depth': 10, 'iterations': 1200, 'l2_leaf_reg': 8, 'learning_rate': np.float64(0.03843694025082197), 'loss_function': 'RMSE', 'one_hot_max_size': 50, 'random_strength': 5}",-1.526722395187263,49
"{'bagging_temperature': np.float64(0.2713490317738959), 'depth': 8, 'iterations': 1791, 'l2_leaf_reg': 10, 'learning_rate': np.float64(0.18022959559673618), 'loss_function': 'RMSE', 'one_hot_max_size': 2, 'random_strength': 1}",-1.5296101945195155,50
"{'bagging_temperature': np.float64(0.5133261686923929), 'depth': 9, 'iterations': 3386, 'l2_leaf_reg': 8, 'learning_rate': np.float64(0.030685805769477312), 'loss_function': 'RMSE', 'one_hot_max_size': 10, 'random_strength': 10}",-1.5300237645165242,51
"{'bagging_temperature': np.float64(0.44842414298624733), 'depth': 12, 'iterations': 1160, 'l2_leaf_reg': 4, 'learning_rate': np.float64(0.02035486279401268), 'loss_function': 'RMSE', 'one_hot_max_size': 50, 'random_strength': 10}",-1.5301649466350251,52
"{'bagging_temperature': np.float64(0.6201325978015367), 'depth': 11, 'iterations': 2145, 'l2_leaf_reg': 4, 'learning_rate': np.float64(0.040113036044259115), 'loss_function': 'MAE', 'one_hot_max_size': 50, 'random_strength': 2}",-1.530556774850633,53
"{'bagging_temperature': np.float64(0.3270331615632387), 'depth': 9, 'iterations': 1018, 'l2_leaf_reg': 6, 'learning_rate': np.float64(0.14883900479708337), 'loss_function': 'RMSE', 'one_hot_max_size': 2, 'random_strength': 5}",-1.5310980845924116,54
"{'bagging_temperature': np.float64(0.09617655109142076), 'depth': 12, 'iterations': 3976, 'l2_leaf_reg': 8, 'learning_rate': np.float64(0.031853289294255745), 'loss_function': 'MAE', 'one_hot_max_size': 50, 'random_strength': 1}",-1.5313111120213412,55
"{'bagging_temperature': np.float64(0.5365906459873325), 'depth': 11, 'iterations': 1725, 'l2_leaf_reg': 10, 'learning_rate': np.float64(0.09743719708602026), 'loss_function': 'MAE', 'one_hot_max_size': 50, 'random_strength': 2}",-1.531715111431954,56
"{'bagging_temperature': np.float64(0.8252007674155681), 'depth': 8, 'iterations': 3529, 'l2_leaf_reg': 8, 'learning_rate': np.float64(0.041898339251941655), 'loss_function': 'RMSE', 'one_hot_max_size': 20, 'random_strength': 10}",-1.531744482842451,57
"{'bagging_temperature': np.float64(0.9148643902204485), 'depth': 6, 'iterations': 2768, 'l2_leaf_reg': 5, 'learning_rate': np.float64(0.1613504925344338), 'loss_function': 'RMSE', 'one_hot_max_size': 10, 'random_strength': 1}",-1.5323187187233027,58
"{'bagging_temperature': np.float64(0.7851759613930136), 'depth': 6, 'iterations': 2899, 'l2_leaf_reg': 7, 'learning_rate': np.float64(0.19020103466213772), 'loss_function': 'RMSE', 'one_hot_max_size': 20, 'random_strength': 1}",-1.5363591905499547,59
"{'bagging_temperature': np.float64(0.7158249646820886), 'depth': 10, 'iterations': 1939, 'l2_leaf_reg': 2, 'learning_rate': np.float64(0.017197148599803057), 'loss_function': 'RMSE', 'one_hot_max_size': 10, 'random_strength': 1}",-1.5375686786189546,60
"{'bagging_temperature': np.float64(0.1694927466860925), 'depth': 12, 'iterations': 2758, 'l2_leaf_reg': 6, 'learning_rate': np.float64(0.08045548243676962), 'loss_function': 'MAE', 'one_hot_max_size': 50, 'random_strength': 2}",-1.5376007952195696,61
"{'bagging_temperature': np.float64(0.910471278403273), 'depth': 10, 'iterations': 3128, 'l2_leaf_reg': 5, 'learning_rate': np.float64(0.1087010328970878), 'loss_function': 'MAE', 'one_hot_max_size': 50, 'random_strength': 1}",-1.5399478459872,62
"{'bagging_temperature': np.float64(0.8996674452921731), 'depth': 9, 'iterations': 2888, 'l2_leaf_reg': 7, 'learning_rate': np.float64(0.03722373803190408), 'loss_function': 'RMSE', 'one_hot_max_size': 2, 'random_strength': 1}",-1.5409355734997454,63
"{'bagging_temperature': np.float64(0.6078943937942587), 'depth': 12, 'iterations': 2332, 'l2_leaf_reg': 9, 'learning_rate': np.float64(0.01851251814488898), 'loss_function': 'RMSE', 'one_hot_max_size': 2, 'random_strength': 2}",-1.542321598282353,64
"{'bagging_temperature': np.float64(0.258688330697908), 'depth': 5, 'iterations': 2247, 'l2_leaf_reg': 11, 'learning_rate': np.float64(0.18903953874244048), 'loss_function': 'RMSE', 'one_hot_max_size': 50, 'random_strength': 5}",-1.542803546555478,65
"{'bagging_temperature': np.float64(0.6497736826427634), 'depth': 13, 'iterations': 3569, 'l2_leaf_reg': 6, 'learning_rate': np.float64(0.0670310295389441), 'loss_function': 'MAE', 'one_hot_max_size': 50, 'random_strength': 5}",-1.5429984870656177,66
"{'bagging_temperature': np.float64(0.34265348812091534), 'depth': 9, 'iterations': 3198, 'l2_leaf_reg': 4, 'learning_rate': np.float64(0.08256781836820565), 'loss_function': 'MAE', 'one_hot_max_size': 50, 'random_strength': 5}",-1.5431596613089986,67
"{'bagging_temperature': np.float64(0.05197128365147241), 'depth': 12, 'iterations': 1715, 'l2_leaf_reg': 8, 'learning_rate': np.float64(0.17081710936505562), 'loss_function': 'MAE', 'one_hot_max_size': 50, 'random_strength': 2}",-1.5456080358817508,68
"{'bagging_temperature': np.float64(0.3796924081672669), 'depth': 10, 'iterations': 1395, 'l2_leaf_reg': 4, 'learning_rate': np.float64(0.06486888765226345), 'loss_function': 'MAE', 'one_hot_max_size': 50, 'random_strength': 2}",-1.5457036849935797,69
"{'bagging_temperature': np.float64(0.25024289816459533), 'depth': 9, 'iterations': 1559, 'l2_leaf_reg': 9, 'learning_rate': np.float64(0.07226642821926597), 'loss_function': 'RMSE', 'one_hot_max_size': 2, 'random_strength': 10}",-1.546042045537591,70
"{'bagging_temperature': np.float64(0.9581707930039304), 'depth': 6, 'iterations': 2799, 'l2_leaf_reg': 5, 'learning_rate': np.float64(0.0971691498058427), 'loss_function': 'RMSE', 'one_hot_max_size': 10, 'random_strength': 10}",-1.5463102363099488,71
"{'bagging_temperature': np.float64(0.6798447799002458), 'depth': 10, 'iterations': 3264, 'l2_leaf_reg': 3, 'learning_rate': np.float64(0.013619690752125173), 'loss_function': 'RMSE', 'one_hot_max_size': 2, 'random_strength': 2}",-1.5472798963055343,72
"{'bagging_temperature': np.float64(0.3784764234858691), 'depth': 9, 'iterations': 2232, 'l2_leaf_reg': 3, 'learning_rate': np.float64(0.08924794607292683), 'loss_function': 'MAE', 'one_hot_max_size': 50, 'random_strength': 10}",-1.548133394150356,73
"{'bagging_temperature': np.float64(0.5804750067166746), 'depth': 13, 'iterations': 3500, 'l2_leaf_reg': 9, 'learning_rate': np.float64(0.016664677411232842), 'loss_function': 'MAE', 'one_hot_max_size': 10, 'random_strength': 2}",-1.5484642783348683,74
"{'bagging_temperature': np.float64(0.5502265421562618), 'depth': 11, 'iterations': 2708, 'l2_leaf_reg': 10, 'learning_rate': np.float64(0.013999461183854133), 'loss_function': 'RMSE', 'one_hot_max_size': 20, 'random_strength': 2}",-1.5498719461760817,75
"{'bagging_temperature': np.float64(0.2785903390319586), 'depth': 9, 'iterations': 2428, 'l2_leaf_reg': 6, 'learning_rate': np.float64(0.014353271070578733), 'loss_function': 'RMSE', 'one_hot_max_size': 50, 'random_strength': 2}",-1.5529341986371563,76
"{'bagging_temperature': np.float64(0.7499107494699718), 'depth': 6, 'iterations': 2460, 'l2_leaf_reg': 7, 'learning_rate': np.float64(0.1001095924706159), 'loss_function': 'RMSE', 'one_hot_max_size': 10, 'random_strength': 2}",-1.5530495682794565,77
"{'bagging_temperature': np.float64(0.08413996499504883), 'depth': 11, 'iterations': 2443, 'l2_leaf_reg': 6, 'learning_rate': np.float64(0.07419485426720915), 'loss_function': 'MAE', 'one_hot_max_size': 20, 'random_strength': 10}",-1.5541723700786505,78
"{'bagging_temperature': np.float64(0.3975943979627943), 'depth': 12, 'iterations': 2410, 'l2_leaf_reg': 11, 'learning_rate': np.float64(0.034084413114539726), 'loss_function': 'MAE', 'one_hot_max_size': 20, 'random_strength': 2}",-1.5545576566085917,79
"{'bagging_temperature': np.float64(0.5230978441701488), 'depth': 12, 'iterations': 2549, 'l2_leaf_reg': 1, 'learning_rate': np.float64(0.06553478609148415), 'loss_function': 'MAE', 'one_hot_max_size': 20, 'random_strength': 10}",-1.5550626705996529,80
"{'bagging_temperature': np.float64(0.4110284698067047), 'depth': 13, 'iterations': 3631, 'l2_leaf_reg': 8, 'learning_rate': np.float64(0.028827820923123807), 'loss_function': 'MAE', 'one_hot_max_size': 20, 'random_strength': 1}",-1.5553704323950654,81
"{'bagging_temperature': np.float64(0.786345014415552), 'depth': 14, 'iterations': 1709, 'l2_leaf_reg': 7, 'learning_rate': np.float64(0.13923848456004145), 'loss_function': 'MAE', 'one_hot_max_size': 50, 'random_strength': 5}",-1.5556089986197663,82
"{'bagging_temperature': np.float64(0.887460482513503), 'depth': 11, 'iterations': 3143, 'l2_leaf_reg': 8, 'learning_rate': np.float64(0.08703440070256951), 'loss_function': 'MAE', 'one_hot_max_size': 20, 'random_strength': 10}",-1.5556463958617917,83
"{'bagging_temperature': np.float64(0.36275789466594544), 'depth': 8, 'iterations': 3987, 'l2_leaf_reg': 3, 'learning_rate': np.float64(0.17138239271776995), 'loss_function': 'MAE', 'one_hot_max_size': 50, 'random_strength': 10}",-1.5565142075786187,84
"{'bagging_temperature': np.float64(0.19455832318530097), 'depth': 7, 'iterations': 1372, 'l2_leaf_reg': 4, 'learning_rate': np.float64(0.07444148721324567), 'loss_function': 'RMSE', 'one_hot_max_size': 20, 'random_strength': 10}",-1.5571093336733832,85
"{'bagging_temperature': np.float64(0.6077367948788591), 'depth': 13, 'iterations': 1225, 'l2_leaf_reg': 9, 'learning_rate': np.float64(0.019357941435406766), 'loss_function': 'RMSE', 'one_hot_max_size': 10, 'random_strength': 5}",-1.5574717889456149,86
"{'bagging_temperature': np.float64(0.5326025194007621), 'depth': 8, 'iterations': 2711, 'l2_leaf_reg': 5, 'learning_rate': np.float64(0.19495714260995103), 'loss_function': 'MAE', 'one_hot_max_size': 50, 'random_strength': 1}",-1.560036624810531,87
"{'bagging_temperature': np.float64(0.7371007058430192), 'depth': 14, 'iterations': 2035, 'l2_leaf_reg': 10, 'learning_rate': np.float64(0.17239070629907652), 'loss_function': 'MAE', 'one_hot_max_size': 50, 'random_strength': 10}",-1.5600541508260195,88
"{'bagging_temperature': np.float64(0.727169069766308), 'depth': 11, 'iterations': 1403, 'l2_leaf_reg': 5, 'learning_rate': np.float64(0.02818848932689514), 'loss_function': 'MAE', 'one_hot_max_size': 50, 'random_strength': 10}",-1.5628750432411214,89
"{'bagging_temperature': np.float64(0.20584121003676825), 'depth': 7, 'iterations': 3381, 'l2_leaf_reg': 2, 'learning_rate': np.float64(0.014454021969381042), 'loss_function': 'RMSE', 'one_hot_max_size': 50, 'random_strength': 2}",-1.563546818442906,90
"{'bagging_temperature': np.float64(0.10687692309474384), 'depth': 13, 'iterations': 1444, 'l2_leaf_reg': 10, 'learning_rate': np.float64(0.15632322892373923), 'loss_function': 'MAE', 'one_hot_max_size': 20, 'random_strength': 2}",-1.5646473137184742,91
"{'bagging_temperature': np.float64(0.013001923510736035), 'depth': 10, 'iterations': 3198, 'l2_leaf_reg': 5, 'learning_rate': np.float64(0.010827275638342147), 'loss_function': 'RMSE', 'one_hot_max_size': 20, 'random_strength': 10}",-1.5655651564220192,92
"{'bagging_temperature': np.float64(0.3109823217156622), 'depth': 11, 'iterations': 1804, 'l2_leaf_reg': 3, 'learning_rate': np.float64(0.05878901154246817), 'loss_function': 'MAE', 'one_hot_max_size': 20, 'random_strength': 5}",-1.5663284422627266,93
"{'bagging_temperature': np.float64(0.6181557343181191), 'depth': 7, 'iterations': 3720, 'l2_leaf_reg': 10, 'learning_rate': np.float64(0.10217513778662488), 'loss_function': 'MAE', 'one_hot_max_size': 50, 'random_strength': 1}",-1.567531626696621,94
"{'bagging_temperature': np.float64(0.5899176868546331), 'depth': 14, 'iterations': 3482, 'l2_leaf_reg': 2, 'learning_rate': np.float64(0.02838512484813971), 'loss_function': 'MAE', 'one_hot_max_size': 2, 'random_strength': 10}",-1.5684969966499795,95
"{'bagging_temperature': np.float64(0.08410680611499743), 'depth': 11, 'iterations': 3217, 'l2_leaf_reg': 9, 'learning_rate': np.float64(0.11729097309134347), 'loss_function': 'MAE', 'one_hot_max_size': 10, 'random_strength': 1}",-1.568917729442131,96
"{'bagging_temperature': np.float64(0.4965611906830777), 'depth': 12, 'iterations': 2365, 'l2_leaf_reg': 11, 'learning_rate': np.float64(0.013492217616018636), 'loss_function': 'RMSE', 'one_hot_max_size': 2, 'random_strength': 5}",-1.5699777867730096,97
"{'bagging_temperature': np.float64(0.018390676547466733), 'depth': 5, 'iterations': 3175, 'l2_leaf_reg': 5, 'learning_rate': np.float64(0.11492387456453383), 'loss_function': 'RMSE', 'one_hot_max_size': 10, 'random_strength': 2}",-1.570398286123731,98
"{'bagging_temperature': np.float64(0.912363345616691), 'depth': 6, 'iterations': 1529, 'l2_leaf_reg': 8, 'learning_rate': np.float64(0.12236537833078404), 'loss_function': 'RMSE', 'one_hot_max_size': 20, 'random_strength': 2}",-1.5704783985046065,99
"{'bagging_temperature': np.float64(0.10077800137742665), 'depth': 5, 'iterations': 3546, 'l2_leaf_reg': 2, 'learning_rate': np.float64(0.07737707338132804), 'loss_function': 'RMSE', 'one_hot_max_size': 10, 'random_strength': 10}",-1.5707296039332523,100
"{'bagging_temperature': np.float64(0.24215993827742588), 'depth': 9, 'iterations': 3327, 'l2_leaf_reg': 5, 'learning_rate': np.float64(0.06647354682787941), 'loss_function': 'MAE', 'one_hot_max_size': 10, 'random_strength': 5}",-1.5710472876614976,101
"{'bagging_temperature': np.float64(0.5201681098787319), 'depth': 13, 'iterations': 2131, 'l2_leaf_reg': 2, 'learning_rate': np.float64(0.010758361883172547), 'loss_function': 'MAE', 'one_hot_max_size': 10, 'random_strength': 2}",-1.5714043299635925,102
"{'bagging_temperature': np.float64(0.32815266747473193), 'depth': 13, 'iterations': 1574, 'l2_leaf_reg': 6, 'learning_rate': np.float64(0.058707257713704185), 'loss_function': 'MAE', 'one_hot_max_size': 2, 'random_strength': 10}",-1.5720213175454008,103
"{'bagging_temperature': np.float64(0.9343670147690148), 'depth': 9, 'iterations': 3826, 'l2_leaf_reg': 7, 'learning_rate': np.float64(0.014447094413800642), 'loss_function': 'RMSE', 'one_hot_max_size': 2, 'random_strength': 2}",-1.573225662579168,104
"{'bagging_temperature': np.float64(0.7578461104643691), 'depth': 12, 'iterations': 2243, 'l2_leaf_reg': 5, 'learning_rate': np.float64(0.013258703722976441), 'loss_function': 'MAE', 'one_hot_max_size': 10, 'random_strength': 2}",-1.573350079283338,105
"{'bagging_temperature': np.float64(0.6075448519014384), 'depth': 8, 'iterations': 3888, 'l2_leaf_reg': 7, 'learning_rate': np.float64(0.010405384007798954), 'loss_function': 'RMSE', 'one_hot_max_size': 50, 'random_strength': 2}",-1.5739205745078944,106
"{'bagging_temperature': np.float64(0.8324426408004217), 'depth': 9, 'iterations': 3433, 'l2_leaf_reg': 5, 'learning_rate': np.float64(0.06358606736176979), 'loss_function': 'MAE', 'one_hot_max_size': 10, 'random_strength': 1}",-1.5756670316258503,107
"{'bagging_temperature': np.float64(0.45898898801701304), 'depth': 7, 'iterations': 1341, 'l2_leaf_reg': 8, 'learning_rate': np.float64(0.04501640113621892), 'loss_function': 'RMSE', 'one_hot_max_size': 50, 'random_strength': 1}",-1.5762230540825617,108
"{'bagging_temperature': np.float64(0.13271575404306035), 'depth': 10, 'iterations': 1089, 'l2_leaf_reg': 10, 'learning_rate': np.float64(0.11004930639233022), 'loss_function': 'MAE', 'one_hot_max_size': 10, 'random_strength': 5}",-1.5769056840185574,109
"{'bagging_temperature': np.float64(0.25620694359445806), 'depth': 11, 'iterations': 1524, 'l2_leaf_reg': 10, 'learning_rate': np.float64(0.010156537164005127), 'loss_function': 'RMSE', 'one_hot_max_size': 50, 'random_strength': 1}",-1.5777853208066632,110
"{'bagging_temperature': np.float64(0.5730414289308493), 'depth': 13, 'iterations': 2560, 'l2_leaf_reg': 2, 'learning_rate': np.float64(0.014873684821611577), 'loss_function': 'MAE', 'one_hot_max_size': 2, 'random_strength': 10}",-1.5786590421494666,111
"{'bagging_temperature': np.float64(0.6756901170392807), 'depth': 12, 'iterations': 3520, 'l2_leaf_reg': 2, 'learning_rate': np.float64(0.15960780836641722), 'loss_function': 'MAE', 'one_hot_max_size': 10, 'random_strength': 5}",-1.5788316504586255,112
"{'bagging_temperature': np.float64(0.612257985881158), 'depth': 10, 'iterations': 1458, 'l2_leaf_reg': 4, 'learning_rate': np.float64(0.052416917477534845), 'loss_function': 'MAE', 'one_hot_max_size': 10, 'random_strength': 2}",-1.5795457761860487,113
"{'bagging_temperature': np.float64(0.1276897294224656), 'depth': 4, 'iterations': 3143, 'l2_leaf_reg': 8, 'learning_rate': np.float64(0.13432124721770483), 'loss_function': 'RMSE', 'one_hot_max_size': 50, 'random_strength': 1}",-1.5804476816763104,114
"{'bagging_temperature': np.float64(0.8707534503372591), 'depth': 12, 'iterations': 3636, 'l2_leaf_reg': 9, 'learning_rate': np.float64(0.013866118384392157), 'loss_function': 'MAE', 'one_hot_max_size': 2, 'random_strength': 2}",-1.5811975765039226,115
"{'bagging_temperature': np.float64(0.23321641154980122), 'depth': 7, 'iterations': 3072, 'l2_leaf_reg': 4, 'learning_rate': np.float64(0.028973525951175), 'loss_function': 'RMSE', 'one_hot_max_size': 2, 'random_strength': 2}",-1.581981554734199,116
"{'bagging_temperature': np.float64(0.8259207657998966), 'depth': 14, 'iterations': 3931, 'l2_leaf_reg': 2, 'learning_rate': np.float64(0.10126645758509366), 'loss_function': 'MAE', 'one_hot_max_size': 20, 'random_strength': 5}",-1.5820383477480906,117
"{'bagging_temperature': np.float64(0.16637758693227234), 'depth': 9, 'iterations': 3448, 'l2_leaf_reg': 10, 'learning_rate': np.float64(0.041317480806317364), 'loss_function': 'MAE', 'one_hot_max_size': 10, 'random_strength': 10}",-1.5820904584960105,118
"{'bagging_temperature': np.float64(0.5811626211808263), 'depth': 12, 'iterations': 3497, 'l2_leaf_reg': 10, 'learning_rate': np.float64(0.16349622690554602), 'loss_function': 'MAE', 'one_hot_max_size': 20, 'random_strength': 1}",-1.5821065299707275,119
"{'bagging_temperature': np.float64(0.43716538881682654), 'depth': 9, 'iterations': 2851, 'l2_leaf_reg': 8, 'learning_rate': np.float64(0.056733054164278325), 'loss_function': 'MAE', 'one_hot_max_size': 20, 'random_strength': 2}",-1.5828774965405312,120
"{'bagging_temperature': np.float64(0.30206050183479505), 'depth': 11, 'iterations': 3578, 'l2_leaf_reg': 4, 'learning_rate': np.float64(0.035587393322532364), 'loss_function': 'MAE', 'one_hot_max_size': 2, 'random_strength': 2}",-1.584234089022112,121
"{'bagging_temperature': np.float64(0.25606832276132396), 'depth': 14, 'iterations': 1392, 'l2_leaf_reg': 10, 'learning_rate': np.float64(0.010791232418686401), 'loss_function': 'RMSE', 'one_hot_max_size': 20, 'random_strength': 5}",-1.5856353154037763,122
"{'bagging_temperature': np.float64(0.5203077009037933), 'depth': 9, 'iterations': 1770, 'l2_leaf_reg': 11, 'learning_rate': np.float64(0.025143597793413304), 'loss_function': 'RMSE', 'one_hot_max_size': 10, 'random_strength': 10}",-1.586460672876402,123
"{'bagging_temperature': np.float64(0.5344558912572469), 'depth': 4, 'iterations': 3161, 'l2_leaf_reg': 6, 'learning_rate': np.float64(0.09902651127597091), 'loss_function': 'RMSE', 'one_hot_max_size': 50, 'random_strength': 1}",-1.5867279892566355,124
"{'bagging_temperature': np.float64(0.04574203381251285), 'depth': 5, 'iterations': 1703, 'l2_leaf_reg': 4, 'learning_rate': np.float64(0.06958453581144379), 'loss_function': 'RMSE', 'one_hot_max_size': 50, 'random_strength': 5}",-1.5889079056192612,125
"{'bagging_temperature': np.float64(0.08091928305125218), 'depth': 8, 'iterations': 3625, 'l2_leaf_reg': 11, 'learning_rate': np.float64(0.0801959085961563), 'loss_function': 'MAE', 'one_hot_max_size': 10, 'random_strength': 10}",-1.5891874881669477,126
"{'bagging_temperature': np.float64(0.2797635071689457), 'depth': 8, 'iterations': 3508, 'l2_leaf_reg': 3, 'learning_rate': np.float64(0.11752915821487966), 'loss_function': 'MAE', 'one_hot_max_size': 20, 'random_strength': 10}",-1.5895762674297187,127
"{'bagging_temperature': np.float64(0.1763869865062233), 'depth': 10, 'iterations': 2203, 'l2_leaf_reg': 6, 'learning_rate': np.float64(0.01106822053011582), 'loss_function': 'RMSE', 'one_hot_max_size': 2, 'random_strength': 1}",-1.5904175303158137,128
"{'bagging_temperature': np.float64(0.18228387847595806), 'depth': 10, 'iterations': 2976, 'l2_leaf_reg': 1, 'learning_rate': np.float64(0.01884083731688959), 'loss_function': 'MAE', 'one_hot_max_size': 10, 'random_strength': 10}",-1.59183950226371,129
"{'bagging_temperature': np.float64(0.22735098302998702), 'depth': 10, 'iterations': 1814, 'l2_leaf_reg': 10, 'learning_rate': np.float64(0.1707827644706325), 'loss_function': 'MAE', 'one_hot_max_size': 2, 'random_strength': 10}",-1.592596647531415,130
"{'bagging_temperature': np.float64(0.24848913981446574), 'depth': 10, 'iterations': 3336, 'l2_leaf_reg': 4, 'learning_rate': np.float64(0.05513705608412315), 'loss_function': 'MAE', 'one_hot_max_size': 2, 'random_strength': 5}",-1.593627882341656,131
"{'bagging_temperature': np.float64(0.1288698674734452), 'depth': 14, 'iterations': 2574, 'l2_leaf_reg': 2, 'learning_rate': np.float64(0.11593101383177391), 'loss_function': 'MAE', 'one_hot_max_size': 2, 'random_strength': 1}",-1.594385151395668,132
"{'bagging_temperature': np.float64(0.8359801205122058), 'depth': 12, 'iterations': 2931, 'l2_leaf_reg': 5, 'learning_rate': np.float64(0.011904512443494853), 'loss_function': 'MAE', 'one_hot_max_size': 2, 'random_strength': 5}",-1.5945122408588206,133
"{'bagging_temperature': np.float64(0.5541780025157934), 'depth': 12, 'iterations': 2401, 'l2_leaf_reg': 7, 'learning_rate': np.float64(0.01376138435328694), 'loss_function': 'MAE', 'one_hot_max_size': 2, 'random_strength': 5}",-1.5966683288218757,134
"{'bagging_temperature': np.float64(0.9000186418481051), 'depth': 9, 'iterations': 1730, 'l2_leaf_reg': 8, 'learning_rate': np.float64(0.021193764791465005), 'loss_function': 'RMSE', 'one_hot_max_size': 2, 'random_strength': 1}",-1.5976240155409935,135
"{'bagging_temperature': np.float64(0.22210781047073025), 'depth': 6, 'iterations': 2257, 'l2_leaf_reg': 8, 'learning_rate': np.float64(0.16855972264420166), 'loss_function': 'MAE', 'one_hot_max_size': 50, 'random_strength': 10}",-1.5984896978183518,136
"{'bagging_temperature': np.float64(0.4722149251619493), 'depth': 8, 'iterations': 2485, 'l2_leaf_reg': 3, 'learning_rate': np.float64(0.09767966657678313), 'loss_function': 'MAE', 'one_hot_max_size': 20, 'random_strength': 5}",-1.599001860919722,137
"{'bagging_temperature': np.float64(0.8471673613725742), 'depth': 8, 'iterations': 2177, 'l2_leaf_reg': 9, 'learning_rate': np.float64(0.0312353160219965), 'loss_function': 'MAE', 'one_hot_max_size': 50, 'random_strength': 1}",-1.5999217811911333,138
"{'bagging_temperature': np.float64(0.25368217387313874), 'depth': 5, 'iterations': 2243, 'l2_leaf_reg': 10, 'learning_rate': np.float64(0.0920511501079559), 'loss_function': 'RMSE', 'one_hot_max_size': 20, 'random_strength': 1}",-1.6005234537867723,139
"{'bagging_temperature': np.float64(0.9440593396866133), 'depth': 13, 'iterations': 2039, 'l2_leaf_reg': 7, 'learning_rate': np.float64(0.19961302641190368), 'loss_function': 'MAE', 'one_hot_max_size': 2, 'random_strength': 2}",-1.6008179866463297,140
"{'bagging_temperature': np.float64(0.7442790655949556), 'depth': 10, 'iterations': 3356, 'l2_leaf_reg': 7, 'learning_rate': np.float64(0.011397382572155543), 'loss_function': 'MAE', 'one_hot_max_size': 10, 'random_strength': 2}",-1.6025820721972703,141
"{'bagging_temperature': np.float64(0.05147875124998935), 'depth': 8, 'iterations': 2759, 'l2_leaf_reg': 1, 'learning_rate': np.float64(0.06688213486452893), 'loss_function': 'MAE', 'one_hot_max_size': 10, 'random_strength': 1}",-1.6033917455355593,142
"{'bagging_temperature': np.float64(0.9154882975880418), 'depth': 8, 'iterations': 1136, 'l2_leaf_reg': 3, 'learning_rate': np.float64(0.15946566124298397), 'loss_function': 'MAE', 'one_hot_max_size': 20, 'random_strength': 5}",-1.6056480772349049,143
"{'bagging_temperature': np.float64(0.6450541677693294), 'depth': 7, 'iterations': 3713, 'l2_leaf_reg': 10, 'learning_rate': np.float64(0.1484812370571836), 'loss_function': 'MAE', 'one_hot_max_size': 20, 'random_strength': 1}",-1.605767432771224,144
"{'bagging_temperature': np.float64(0.7496162320085874), 'depth': 5, 'iterations': 3853, 'l2_leaf_reg': 3, 'learning_rate': np.float64(0.03286412390306001), 'loss_function': 'RMSE', 'one_hot_max_size': 20, 'random_strength': 1}",-1.6080726275840391,145
"{'bagging_temperature': np.float64(0.26593792496423896), 'depth': 8, 'iterations': 1040, 'l2_leaf_reg': 4, 'learning_rate': np.float64(0.19190653348942383), 'loss_function': 'MAE', 'one_hot_max_size': 20, 'random_strength': 1}",-1.609242878897872,146
"{'bagging_temperature': np.float64(0.24606965879799825), 'depth': 7, 'iterations': 3830, 'l2_leaf_reg': 11, 'learning_rate': np.float64(0.09888628613861868), 'loss_function': 'MAE', 'one_hot_max_size': 10, 'random_strength': 2}",-1.609285991500755,147
"{'bagging_temperature': np.float64(0.6099966577826209), 'depth': 11, 'iterations': 1034, 'l2_leaf_reg': 1, 'learning_rate': np.float64(0.02171103454376615), 'loss_function': 'MAE', 'one_hot_max_size': 10, 'random_strength': 2}",-1.610862687083987,148
"{'bagging_temperature': np.float64(0.6150072266991697), 'depth': 9, 'iterations': 2686, 'l2_leaf_reg': 2, 'learning_rate': np.float64(0.021412852787253803), 'loss_function': 'MAE', 'one_hot_max_size': 10, 'random_strength': 2}",-1.6142025169333087,149
"{'bagging_temperature': np.float64(0.7459745255487181), 'depth': 5, 'iterations': 1333, 'l2_leaf_reg': 5, 'learning_rate': np.float64(0.0893059733222877), 'loss_function': 'RMSE', 'one_hot_max_size': 10, 'random_strength': 10}",-1.6190370615873475,150
"{'bagging_temperature': np.float64(0.35462215764077654), 'depth': 5, 'iterations': 3371, 'l2_leaf_reg': 2, 'learning_rate': np.float64(0.020134029070686066), 'loss_function': 'RMSE', 'one_hot_max_size': 50, 'random_strength': 1}",-1.619210302076901,151
"{'bagging_temperature': np.float64(0.09310276780589921), 'depth': 8, 'iterations': 2183, 'l2_leaf_reg': 11, 'learning_rate': np.float64(0.017600038115609038), 'loss_function': 'RMSE', 'one_hot_max_size': 20, 'random_strength': 5}",-1.6201560606868315,152
"{'bagging_temperature': np.float64(0.20794166286818883), 'depth': 7, 'iterations': 2500, 'l2_leaf_reg': 2, 'learning_rate': np.float64(0.10196967939171485), 'loss_function': 'MAE', 'one_hot_max_size': 10, 'random_strength': 2}",-1.62196151752272,153
"{'bagging_temperature': np.float64(0.5398410913016731), 'depth': 7, 'iterations': 3572, 'l2_leaf_reg': 7, 'learning_rate': np.float64(0.02382184154464129), 'loss_function': 'MAE', 'one_hot_max_size': 50, 'random_strength': 2}",-1.6226049652958572,154
"{'bagging_temperature': np.float64(0.9173956130855316), 'depth': 9, 'iterations': 1117, 'l2_leaf_reg': 1, 'learning_rate': np.float64(0.0434989608466616), 'loss_function': 'MAE', 'one_hot_max_size': 20, 'random_strength': 2}",-1.623117482069319,155
"{'bagging_temperature': np.float64(0.3334991716911442), 'depth': 7, 'iterations': 1536, 'l2_leaf_reg': 10, 'learning_rate': np.float64(0.157311237917727), 'loss_function': 'MAE', 'one_hot_max_size': 20, 'random_strength': 2}",-1.624159209694841,156
"{'bagging_temperature': np.float64(0.7442116569432979), 'depth': 6, 'iterations': 2996, 'l2_leaf_reg': 9, 'learning_rate': np.float64(0.030740991330836433), 'loss_function': 'RMSE', 'one_hot_max_size': 2, 'random_strength': 10}",-1.6256882261004826,157
"{'bagging_temperature': np.float64(0.712270589924442), 'depth': 8, 'iterations': 3999, 'l2_leaf_reg': 1, 'learning_rate': np.float64(0.022237712023076485), 'loss_function': 'MAE', 'one_hot_max_size': 10, 'random_strength': 10}",-1.6272204007270676,158
"{'bagging_temperature': np.float64(0.018242481428361046), 'depth': 8, 'iterations': 3595, 'l2_leaf_reg': 8, 'learning_rate': np.float64(0.013988333322782737), 'loss_function': 'MAE', 'one_hot_max_size': 50, 'random_strength': 10}",-1.6274828499706993,159
"{'bagging_temperature': np.float64(0.6259396701015728), 'depth': 4, 'iterations': 2440, 'l2_leaf_reg': 8, 'learning_rate': np.float64(0.1506219763448958), 'loss_function': 'RMSE', 'one_hot_max_size': 2, 'random_strength': 10}",-1.6279076916158552,160
"{'bagging_temperature': np.float64(0.6311386259972629), 'depth': 5, 'iterations': 1797, 'l2_leaf_reg': 1, 'learning_rate': np.float64(0.05630789064671439), 'loss_function': 'RMSE', 'one_hot_max_size': 2, 'random_strength': 10}",-1.6284480052613943,161
"{'bagging_temperature': np.float64(0.5166962574265667), 'depth': 8, 'iterations': 3837, 'l2_leaf_reg': 7, 'learning_rate': np.float64(0.01153666052581368), 'loss_function': 'MAE', 'one_hot_max_size': 50, 'random_strength': 5}",-1.6353271148130275,162
"{'bagging_temperature': np.float64(0.8644928803073485), 'depth': 4, 'iterations': 2285, 'l2_leaf_reg': 8, 'learning_rate': np.float64(0.10901221734627874), 'loss_function': 'RMSE', 'one_hot_max_size': 20, 'random_strength': 5}",-1.6358691017721736,163
"{'bagging_temperature': np.float64(0.6374299014982066), 'depth': 7, 'iterations': 3703, 'l2_leaf_reg': 2, 'learning_rate': np.float64(0.04695936762809009), 'loss_function': 'MAE', 'one_hot_max_size': 20, 'random_strength': 1}",-1.63588389596602,164
"{'bagging_temperature': np.float64(0.7259556788702394), 'depth': 6, 'iterations': 1403, 'l2_leaf_reg': 8, 'learning_rate': np.float64(0.03359519814244161), 'loss_function': 'RMSE', 'one_hot_max_size': 50, 'random_strength': 10}",-1.6378325989607192,165
"{'bagging_temperature': np.float64(0.9652518303907698), 'depth': 10, 'iterations': 2219, 'l2_leaf_reg': 6, 'learning_rate': np.float64(0.011674531719265543), 'loss_function': 'MAE', 'one_hot_max_size': 20, 'random_strength': 5}",-1.6384225727742312,166
"{'bagging_temperature': np.float64(0.6895267510315611), 'depth': 4, 'iterations': 2310, 'l2_leaf_reg': 5, 'learning_rate': np.float64(0.07374794953992667), 'loss_function': 'RMSE', 'one_hot_max_size': 10, 'random_strength': 2}",-1.6443895011505056,167
"{'bagging_temperature': np.float64(0.9037239671752705), 'depth': 5, 'iterations': 3611, 'l2_leaf_reg': 4, 'learning_rate': np.float64(0.02001759197527789), 'loss_function': 'RMSE', 'one_hot_max_size': 20, 'random_strength': 2}",-1.645045864860562,168
"{'bagging_temperature': np.float64(0.6532630192373301), 'depth': 8, 'iterations': 1311, 'l2_leaf_reg': 9, 'learning_rate': np.float64(0.043829647094116936), 'loss_function': 'MAE', 'one_hot_max_size': 20, 'random_strength': 5}",-1.6490768043813016,169
"{'bagging_temperature': np.float64(0.480586577326648), 'depth': 6, 'iterations': 3745, 'l2_leaf_reg': 3, 'learning_rate': np.float64(0.028347202899404473), 'loss_function': 'MAE', 'one_hot_max_size': 50, 'random_strength': 5}",-1.6531633430199832,170
"{'bagging_temperature': np.float64(0.8942172628959257), 'depth': 4, 'iterations': 2101, 'l2_leaf_reg': 10, 'learning_rate': np.float64(0.07910872424924059), 'loss_function': 'RMSE', 'one_hot_max_size': 10, 'random_strength': 1}",-1.6553701676106052,171
"{'bagging_temperature': np.float64(0.4148195023376652), 'depth': 4, 'iterations': 1404, 'l2_leaf_reg': 7, 'learning_rate': np.float64(0.13336127823012844), 'loss_function': 'RMSE', 'one_hot_max_size': 2, 'random_strength': 5}",-1.6598314906752116,172
"{'bagging_temperature': np.float64(0.1623818946623209), 'depth': 8, 'iterations': 1128, 'l2_leaf_reg': 7, 'learning_rate': np.float64(0.0750024639618874), 'loss_function': 'MAE', 'one_hot_max_size': 2, 'random_strength': 5}",-1.6609046092325044,173
"{'bagging_temperature': np.float64(0.04010919141248248), 'depth': 4, 'iterations': 3994, 'l2_leaf_reg': 9, 'learning_rate': np.float64(0.03720932715924194), 'loss_function': 'RMSE', 'one_hot_max_size': 10, 'random_strength': 10}",-1.6625543007538135,174
"{'bagging_temperature': np.float64(0.7610239909429989), 'depth': 6, 'iterations': 1348, 'l2_leaf_reg': 5, 'learning_rate': np.float64(0.15357694796732396), 'loss_function': 'MAE', 'one_hot_max_size': 20, 'random_strength': 10}",-1.668773231901259,175
"{'bagging_temperature': np.float64(0.6502010923981534), 'depth': 6, 'iterations': 3334, 'l2_leaf_reg': 3, 'learning_rate': np.float64(0.05424438500548414), 'loss_function': 'MAE', 'one_hot_max_size': 10, 'random_strength': 1}",-1.6722765101524515,176
"{'bagging_temperature': np.float64(0.1771497894473859), 'depth': 5, 'iterations': 3358, 'l2_leaf_reg': 7, 'learning_rate': np.float64(0.16942263574284033), 'loss_function': 'MAE', 'one_hot_max_size': 10, 'random_strength': 2}",-1.673440166648965,177
"{'bagging_temperature': np.float64(0.05182353682242691), 'depth': 5, 'iterations': 3039, 'l2_leaf_reg': 10, 'learning_rate': np.float64(0.05173079016928137), 'loss_function': 'MAE', 'one_hot_max_size': 50, 'random_strength': 2}",-1.6757823099749942,178
"{'bagging_temperature': np.float64(0.5068384318204826), 'depth': 7, 'iterations': 3785, 'l2_leaf_reg': 4, 'learning_rate': np.float64(0.02479585474766815), 'loss_function': 'MAE', 'one_hot_max_size': 2, 'random_strength': 2}",-1.686490131559354,179
"{'bagging_temperature': np.float64(0.7846682639443096), 'depth': 5, 'iterations': 3122, 'l2_leaf_reg': 3, 'learning_rate': np.float64(0.14963273633437785), 'loss_function': 'MAE', 'one_hot_max_size': 10, 'random_strength': 2}",-1.6865852774838077,180
"{'bagging_temperature': np.float64(0.9963357758067243), 'depth': 6, 'iterations': 1159, 'l2_leaf_reg': 3, 'learning_rate': np.float64(0.01958862337255402), 'loss_function': 'RMSE', 'one_hot_max_size': 20, 'random_strength': 1}",-1.689359667840349,181
"{'bagging_temperature': np.float64(0.32235384497472297), 'depth': 5, 'iterations': 2619, 'l2_leaf_reg': 1, 'learning_rate': np.float64(0.015157067838542957), 'loss_function': 'RMSE', 'one_hot_max_size': 2, 'random_strength': 1}",-1.6924630561841,182
"{'bagging_temperature': np.float64(0.7953418379590974), 'depth': 7, 'iterations': 1934, 'l2_leaf_reg': 3, 'learning_rate': np.float64(0.026011134053820505), 'loss_function': 'MAE', 'one_hot_max_size': 20, 'random_strength': 1}",-1.6935893885735716,183
"{'bagging_temperature': np.float64(0.6425759689471896), 'depth': 5, 'iterations': 3989, 'l2_leaf_reg': 9, 'learning_rate': np.float64(0.031196989872445926), 'loss_function': 'MAE', 'one_hot_max_size': 50, 'random_strength': 10}",-1.6944809353948322,184
"{'bagging_temperature': np.float64(0.657845304603036), 'depth': 5, 'iterations': 1703, 'l2_leaf_reg': 6, 'learning_rate': np.float64(0.02593418910186217), 'loss_function': 'RMSE', 'one_hot_max_size': 2, 'random_strength': 1}",-1.7013117883796838,185
"{'bagging_temperature': np.float64(0.5928119916534227), 'depth': 6, 'iterations': 3428, 'l2_leaf_reg': 10, 'learning_rate': np.float64(0.02711723954215057), 'loss_function': 'MAE', 'one_hot_max_size': 10, 'random_strength': 5}",-1.701711890356701,186
"{'bagging_temperature': np.float64(0.5581020020173412), 'depth': 7, 'iterations': 2136, 'l2_leaf_reg': 1, 'learning_rate': np.float64(0.02139693512407702), 'loss_function': 'MAE', 'one_hot_max_size': 20, 'random_strength': 2}",-1.702158884262348,187
"{'bagging_temperature': np.float64(0.4921162930795382), 'depth': 7, 'iterations': 1068, 'l2_leaf_reg': 2, 'learning_rate': np.float64(0.06422244225351471), 'loss_function': 'MAE', 'one_hot_max_size': 2, 'random_strength': 2}",-1.7024710133481602,188
"{'bagging_temperature': np.float64(0.9966968538529768), 'depth': 4, 'iterations': 3148, 'l2_leaf_reg': 7, 'learning_rate': np.float64(0.019376299755195225), 'loss_function': 'RMSE', 'one_hot_max_size': 50, 'random_strength': 10}",-1.7027686572953962,189
"{'bagging_temperature': np.float64(0.14177439352710186), 'depth': 6, 'iterations': 1262, 'l2_leaf_reg': 5, 'learning_rate': np.float64(0.0757337971652444), 'loss_function': 'MAE', 'one_hot_max_size': 10, 'random_strength': 1}",-1.7053370143286142,190
"{'bagging_temperature': np.float64(0.7068573438476171), 'depth': 6, 'iterations': 1418, 'l2_leaf_reg': 1, 'learning_rate': np.float64(0.061428810158596955), 'loss_function': 'MAE', 'one_hot_max_size': 20, 'random_strength': 2}",-1.7093153817608624,191
"{'bagging_temperature': np.float64(0.5190597909082704), 'depth': 5, 'iterations': 1955, 'l2_leaf_reg': 5, 'learning_rate': np.float64(0.012330568968437499), 'loss_function': 'RMSE', 'one_hot_max_size': 50, 'random_strength': 2}",-1.7201250161682302,192
"{'bagging_temperature': np.float64(0.45231828451830014), 'depth': 6, 'iterations': 1808, 'l2_leaf_reg': 10, 'learning_rate': np.float64(0.037208412822208985), 'loss_function': 'MAE', 'one_hot_max_size': 10, 'random_strength': 10}",-1.7211132316504032,193
"{'bagging_temperature': np.float64(0.2699112223921949), 'depth': 7, 'iterations': 2762, 'l2_leaf_reg': 4, 'learning_rate': np.float64(0.011665585092219108), 'loss_function': 'MAE', 'one_hot_max_size': 20, 'random_strength': 1}",-1.7217142994970105,194
"{'bagging_temperature': np.float64(0.7994158789689793), 'depth': 6, 'iterations': 1101, 'l2_leaf_reg': 2, 'learning_rate': np.float64(0.013618461767901874), 'loss_function': 'RMSE', 'one_hot_max_size': 50, 'random_strength': 5}",-1.7322172912044498,195
"{'bagging_temperature': np.float64(0.5722924691708383), 'depth': 4, 'iterations': 2139, 'l2_leaf_reg': 5, 'learning_rate': np.float64(0.017716624399511986), 'loss_function': 'RMSE', 'one_hot_max_size': 50, 'random_strength': 5}",-1.735961037713497,196
"{'bagging_temperature': np.float64(0.1014715428660321), 'depth': 6, 'iterations': 3200, 'l2_leaf_reg': 2, 'learning_rate': np.float64(0.016188853704122885), 'loss_function': 'MAE', 'one_hot_max_size': 10, 'random_strength': 2}",-1.737421524214395,197
"{'bagging_temperature': np.float64(0.5177116433847114), 'depth': 4, 'iterations': 2768, 'l2_leaf_reg': 1, 'learning_rate': np.float64(0.11822722794174566), 'loss_function': 'MAE', 'one_hot_max_size': 10, 'random_strength': 5}",-1.7451924058638983,198
"{'bagging_temperature': np.float64(0.3973181154575979), 'depth': 6, 'iterations': 1951, 'l2_leaf_reg': 3, 'learning_rate': np.float64(0.02848150707224637), 'loss_function': 'MAE', 'one_hot_max_size': 2, 'random_strength': 1}",-1.7458299666289367,199
"{'bagging_temperature': np.float64(0.39882090144479454), 'depth': 6, 'iterations': 2081, 'l2_leaf_reg': 7, 'learning_rate': np.float64(0.0212020117475291), 'loss_function': 'MAE', 'one_hot_max_size': 2, 'random_strength': 2}",-1.7549960449819468,200
"{'bagging_temperature': np.float64(0.07550336380388922), 'depth': 6, 'iterations': 1799, 'l2_leaf_reg': 10, 'learning_rate': np.float64(0.022503337875346897), 'loss_function': 'MAE', 'one_hot_max_size': 10, 'random_strength': 10}",-1.7580527773432095,201
"{'bagging_temperature': np.float64(0.8164318732193839), 'depth': 4, 'iterations': 2147, 'l2_leaf_reg': 11, 'learning_rate': np.float64(0.017485021746086436), 'loss_function': 'RMSE', 'one_hot_max_size': 20, 'random_strength': 10}",-1.7617619618759215,202
"{'bagging_temperature': np.float64(0.45037093625818514), 'depth': 4, 'iterations': 2423, 'l2_leaf_reg': 8, 'learning_rate': np.float64(0.10836879868123098), 'loss_function': 'MAE', 'one_hot_max_size': 2, 'random_strength': 5}",-1.764252614704089,203
"{'bagging_temperature': np.float64(0.5152360548642109), 'depth': 5, 'iterations': 1060, 'l2_leaf_reg': 10, 'learning_rate': np.float64(0.01955394319671065), 'loss_function': 'RMSE', 'one_hot_max_size': 2, 'random_strength': 2}",-1.765151906129811,204
"{'bagging_temperature': np.float64(0.5283701212972092), 'depth': 8, 'iterations': 1133, 'l2_leaf_reg': 10, 'learning_rate': np.float64(0.01037082572181673), 'loss_function': 'RMSE', 'one_hot_max_size': 2, 'random_strength': 5}",-1.7660638091127223,205
"{'bagging_temperature': np.float64(0.3792285849638004), 'depth': 4, 'iterations': 2319, 'l2_leaf_reg': 6, 'learning_rate': np.float64(0.011549749750415117), 'loss_function': 'RMSE', 'one_hot_max_size': 50, 'random_strength': 5}",-1.7678990967579509,206
"{'bagging_temperature': np.float64(0.5665753621714186), 'depth': 7, 'iterations': 1489, 'l2_leaf_reg': 1, 'learning_rate': np.float64(0.014170858912158205), 'loss_function': 'MAE', 'one_hot_max_size': 2, 'random_strength': 5}",-1.7782521900349066,207
"{'bagging_temperature': np.float64(0.1753712786234496), 'depth': 4, 'iterations': 3969, 'l2_leaf_reg': 5, 'learning_rate': np.float64(0.03151190929739007), 'loss_function': 'MAE', 'one_hot_max_size': 10, 'random_strength': 10}",-1.7790636049345576,208
"{'bagging_temperature': np.float64(0.7175977656581762), 'depth': 4, 'iterations': 3506, 'l2_leaf_reg': 7, 'learning_rate': np.float64(0.027782310007832024), 'loss_function': 'MAE', 'one_hot_max_size': 20, 'random_strength': 10}",-1.7887126556085646,209
"{'bagging_temperature': np.float64(0.597274072430341), 'depth': 4, 'iterations': 2596, 'l2_leaf_reg': 11, 'learning_rate': np.float64(0.03277349459718669), 'loss_function': 'MAE', 'one_hot_max_size': 10, 'random_strength': 2}",-1.7914551539867063,210
"{'bagging_temperature': np.float64(0.0002375235758845795), 'depth': 5, 'iterations': 2631, 'l2_leaf_reg': 3, 'learning_rate': np.float64(0.012334193226450078), 'loss_function': 'MAE', 'one_hot_max_size': 50, 'random_strength': 1}",-1.7958244568662145,211
"{'bagging_temperature': np.float64(0.5412665786761103), 'depth': 5, 'iterations': 2435, 'l2_leaf_reg': 5, 'learning_rate': np.float64(0.013594656260270276), 'loss_function': 'MAE', 'one_hot_max_size': 50, 'random_strength': 5}",-1.8018261376016735,212
"{'bagging_temperature': np.float64(0.7224521152615053), 'depth': 6, 'iterations': 1546, 'l2_leaf_reg': 1, 'learning_rate': np.float64(0.011395406314085046), 'loss_function': 'MAE', 'one_hot_max_size': 2, 'random_strength': 2}",-1.805783275611741,213
"{'bagging_temperature': np.float64(0.6057748193568872), 'depth': 4, 'iterations': 2460, 'l2_leaf_reg': 6, 'learning_rate': np.float64(0.019641051248633183), 'loss_function': 'MAE', 'one_hot_max_size': 20, 'random_strength': 10}",-1.8278934200127293,214
"{'bagging_temperature': np.float64(0.5929399348417032), 'depth': 8, 'iterations': 2290, 'l2_leaf_reg': 9, 'learning_rate': np.float64(0.032279262161161906), 'loss_function': 'Huber', 'one_hot_max_size': 50, 'random_strength': 1}",,215
"{'bagging_temperature': np.float64(0.1604001053300721), 'depth': 14, 'iterations': 3604, 'l2_leaf_reg': 9, 'learning_rate': np.float64(0.1622091859146914), 'loss_function': 'Huber', 'one_hot_max_size': 20, 'random_strength': 2}",,215
"{'bagging_temperature': np.float64(0.7671882889311269), 'depth': 8, 'iterations': 1747, 'l2_leaf_reg': 9, 'learning_rate': np.float64(0.05696164814323482), 'loss_function': 'Huber', 'one_hot_max_size': 2, 'random_strength': 2}",,215
"{'bagging_temperature': np.float64(0.9103391020575343), 'depth': 12, 'iterations': 1398, 'l2_leaf_reg': 1, 'learning_rate': np.float64(0.032323811097029656), 'loss_function': 'Huber', 'one_hot_max_size': 10, 'random_strength': 1}",,215
"{'bagging_temperature': np.float64(0.8491956515653193), 'depth': 12, 'iterations': 3513, 'l2_leaf_reg': 9, 'learning_rate': np.float64(0.06939536380845411), 'loss_function': 'Huber', 'one_hot_max_size': 10, 'random_strength': 1}",,215
"{'bagging_temperature': np.float64(0.9173135754622428), 'depth': 4, 'iterations': 1329, 'l2_leaf_reg': 9, 'learning_rate': np.float64(0.03804231075514251), 'loss_function': 'Huber', 'one_hot_max_size': 50, 'random_strength': 2}",,215
"{'bagging_temperature': np.float64(0.41279355060675227), 'depth': 14, 'iterations': 2639, 'l2_leaf_reg': 10, 'learning_rate': np.float64(0.039633227167667914), 'loss_function': 'Huber', 'one_hot_max_size': 20, 'random_strength': 2}",,215
"{'bagging_temperature': np.float64(0.6501673504432282), 'depth': 11, 'iterations': 3667, 'l2_leaf_reg': 2, 'learning_rate': np.float64(0.14171290732898523), 'loss_function': 'Huber', 'one_hot_max_size': 50, 'random_strength': 2}",,215
"{'bagging_temperature': np.float64(0.5432328057899581), 'depth': 12, 'iterations': 2680, 'l2_leaf_reg': 5, 'learning_rate': np.float64(0.015845783457352276), 'loss_function': 'Huber', 'one_hot_max_size': 10, 'random_strength': 2}",,215
"{'bagging_temperature': np.float64(0.8180147659224931), 'depth': 12, 'iterations': 2282, 'l2_leaf_reg': 7, 'learning_rate': np.float64(0.01637654202058856), 'loss_function': 'Huber', 'one_hot_max_size': 2, 'random_strength': 2}",,215
"{'bagging_temperature': np.float64(0.6243540481337932), 'depth': 12, 'iterations': 3693, 'l2_leaf_reg': 4, 'learning_rate': np.float64(0.1449592822362264), 'loss_function': 'Huber', 'one_hot_max_size': 50, 'random_strength': 2}",,215
"{'bagging_temperature': np.float64(0.12208795470067335), 'depth': 12, 'iterations': 3237, 'l2_leaf_reg': 1, 'learning_rate': np.float64(0.02259707459386439), 'loss_function': 'Huber', 'one_hot_max_size': 10, 'random_strength': 1}",,215
"{'bagging_temperature': np.float64(0.3809095255109872), 'depth': 5, 'iterations': 3010, 'l2_leaf_reg': 9, 'learning_rate': np.float64(0.05254281382379662), 'loss_function': 'Huber', 'one_hot_max_size': 20, 'random_strength': 10}",,215
"{'bagging_temperature': np.float64(0.6063709444333756), 'depth': 4, 'iterations': 2133, 'l2_leaf_reg': 6, 'learning_rate': np.float64(0.11994615629912947), 'loss_function': 'Huber', 'one_hot_max_size': 20, 'random_strength': 1}",,215
"{'bagging_temperature': np.float64(0.6743038064090484), 'depth': 13, 'iterations': 2693, 'l2_leaf_reg': 6, 'learning_rate': np.float64(0.015268872894533374), 'loss_function': 'Huber', 'one_hot_max_size': 50, 'random_strength': 2}",,215
"{'bagging_temperature': np.float64(0.05816379550547579), 'depth': 14, 'iterations': 1689, 'l2_leaf_reg': 8, 'learning_rate': np.float64(0.024370690657151948), 'loss_function': 'Huber', 'one_hot_max_size': 20, 'random_strength': 1}",,215
"{'bagging_temperature': np.float64(0.35387137656124945), 'depth': 9, 'iterations': 2386, 'l2_leaf_reg': 1, 'learning_rate': np.float64(0.012815145770026367), 'loss_function': 'Huber', 'one_hot_max_size': 10, 'random_strength': 1}",,215
"{'bagging_temperature': np.float64(0.38929561404197655), 'depth': 11, 'iterations': 3058, 'l2_leaf_reg': 4, 'learning_rate': np.float64(0.08619861560909221), 'loss_function': 'Huber', 'one_hot_max_size': 50, 'random_strength': 5}",,215
"{'bagging_temperature': np.float64(0.1892215397850059), 'depth': 8, 'iterations': 1556, 'l2_leaf_reg': 10, 'learning_rate': np.float64(0.040326491916560264), 'loss_function': 'Huber', 'one_hot_max_size': 20, 'random_strength': 2}",,215
"{'bagging_temperature': np.float64(0.37669536198679876), 'depth': 11, 'iterations': 3412, 'l2_leaf_reg': 3, 'learning_rate': np.float64(0.014693174456735115), 'loss_function': 'Huber', 'one_hot_max_size': 10, 'random_strength': 5}",,215
"{'bagging_temperature': np.float64(0.3971835296184548), 'depth': 8, 'iterations': 1181, 'l2_leaf_reg': 5, 'learning_rate': np.float64(0.03378536250178482), 'loss_function': 'Huber', 'one_hot_max_size': 50, 'random_strength': 2}",,215
"{'bagging_temperature': np.float64(0.6429255636142532), 'depth': 5, 'iterations': 1513, 'l2_leaf_reg': 1, 'learning_rate': np.float64(0.1157493587162733), 'loss_function': 'Huber', 'one_hot_max_size': 10, 'random_strength': 5}",,215
"{'bagging_temperature': np.float64(0.2538885640433043), 'depth': 10, 'iterations': 3490, 'l2_leaf_reg': 8, 'learning_rate': np.float64(0.013659927299713685), 'loss_function': 'Huber', 'one_hot_max_size': 2, 'random_strength': 5}",,215
"{'bagging_temperature': np.float64(0.5124576558819216), 'depth': 12, 'iterations': 3599, 'l2_leaf_reg': 2, 'learning_rate': np.float64(0.06670742330925997), 'loss_function': 'Huber', 'one_hot_max_size': 2, 'random_strength': 2}",,215
"{'bagging_temperature': np.float64(0.5805883502780435), 'depth': 9, 'iterations': 3713, 'l2_leaf_reg': 2, 'learning_rate': np.float64(0.07299313627178473), 'loss_function': 'Huber', 'one_hot_max_size': 2, 'random_strength': 10}",,215
"{'bagging_temperature': np.float64(0.48083697808907355), 'depth': 14, 'iterations': 3687, 'l2_leaf_reg': 11, 'learning_rate': np.float64(0.011034038710328584), 'loss_function': 'Huber', 'one_hot_max_size': 20, 'random_strength': 2}",,215
"{'bagging_temperature': np.float64(0.8388980864459341), 'depth': 9, 'iterations': 3872, 'l2_leaf_reg': 1, 'learning_rate': np.float64(0.13544446439889607), 'loss_function': 'Huber', 'one_hot_max_size': 20, 'random_strength': 10}",,215
"{'bagging_temperature': np.float64(0.7072386343133986), 'depth': 13, 'iterations': 1603, 'l2_leaf_reg': 10, 'learning_rate': np.float64(0.012293314436025557), 'loss_function': 'Huber', 'one_hot_max_size': 2, 'random_strength': 2}",,215
"{'bagging_temperature': np.float64(0.24710323401014644), 'depth': 12, 'iterations': 2324, 'l2_leaf_reg': 3, 'learning_rate': np.float64(0.01928430417266465), 'loss_function': 'Huber', 'one_hot_max_size': 10, 'random_strength': 10}",,215
"{'bagging_temperature': np.float64(0.10493017841817487), 'depth': 4, 'iterations': 3635, 'l2_leaf_reg': 9, 'learning_rate': np.float64(0.055304934404529084), 'loss_function': 'Huber', 'one_hot_max_size': 50, 'random_strength': 2}",,215
"{'bagging_temperature': np.float64(0.6569838575644931), 'depth': 12, 'iterations': 3848, 'l2_leaf_reg': 6, 'learning_rate': np.float64(0.15173972692355714), 'loss_function': 'Huber', 'one_hot_max_size': 10, 'random_strength': 5}",,215
"{'bagging_temperature': np.float64(0.03654966784809488), 'depth': 11, 'iterations': 3065, 'l2_leaf_reg': 1, 'learning_rate': np.float64(0.10209034977919021), 'loss_function': 'Huber', 'one_hot_max_size': 10, 'random_strength': 2}",,215
"{'bagging_temperature': np.float64(0.14958064266756577), 'depth': 8, 'iterations': 1273, 'l2_leaf_reg': 2, 'learning_rate': np.float64(0.04211286809666866), 'loss_function': 'Huber', 'one_hot_max_size': 10, 'random_strength': 10}",,215
"{'bagging_temperature': np.float64(0.4915945467414369), 'depth': 9, 'iterations': 2013, 'l2_leaf_reg': 5, 'learning_rate': np.float64(0.02238558703955943), 'loss_function': 'Huber', 'one_hot_max_size': 50, 'random_strength': 1}",,215
"{'bagging_temperature': np.float64(0.7546352918601166), 'depth': 9, 'iterations': 3853, 'l2_leaf_reg': 4, 'learning_rate': np.float64(0.03931615090347338), 'loss_function': 'Huber', 'one_hot_max_size': 2, 'random_strength': 10}",,215
"{'bagging_temperature': np.float64(0.14991742734877378), 'depth': 7, 'iterations': 3891, 'l2_leaf_reg': 2, 'learning_rate': np.float64(0.010372335673402526), 'loss_function': 'Huber', 'one_hot_max_size': 20, 'random_strength': 10}",,215
"{'bagging_temperature': np.float64(0.4315281431364426), 'depth': 6, 'iterations': 3438, 'l2_leaf_reg': 3, 'learning_rate': np.float64(0.027272330445402056), 'loss_function': 'Huber', 'one_hot_max_size': 20, 'random_strength': 1}",,215
"{'bagging_temperature': np.float64(0.8995745732745685), 'depth': 10, 'iterations': 2997, 'l2_leaf_reg': 5, 'learning_rate': np.float64(0.15112886007682247), 'loss_function': 'Huber', 'one_hot_max_size': 20, 'random_strength': 5}",,215
"{'bagging_temperature': np.float64(0.907866130462516), 'depth': 12, 'iterations': 2772, 'l2_leaf_reg': 10, 'learning_rate': np.float64(0.03240282359187159), 'loss_function': 'Huber', 'one_hot_max_size': 50, 'random_strength': 2}",,215
"{'bagging_temperature': np.float64(0.7952673118598902), 'depth': 6, 'iterations': 1724, 'l2_leaf_reg': 5, 'learning_rate': np.float64(0.1147588386919694), 'loss_function': 'Huber', 'one_hot_max_size': 10, 'random_strength': 2}",,215
"{'bagging_temperature': np.float64(0.951811785423239), 'depth': 5, 'iterations': 2208, 'l2_leaf_reg': 7, 'learning_rate': np.float64(0.03905082311636744), 'loss_function': 'Huber', 'one_hot_max_size': 20, 'random_strength': 2}",,215
"{'bagging_temperature': np.float64(0.2131047040250833), 'depth': 4, 'iterations': 1792, 'l2_leaf_reg': 8, 'learning_rate': np.float64(0.030162256396297812), 'loss_function': 'Huber', 'one_hot_max_size': 50, 'random_strength': 10}",,215
"{'bagging_temperature': np.float64(0.2736266662816659), 'depth': 7, 'iterations': 3000, 'l2_leaf_reg': 3, 'learning_rate': np.float64(0.03866055268196658), 'loss_function': 'Huber', 'one_hot_max_size': 20, 'random_strength': 5}",,215
"{'bagging_temperature': np.float64(0.06562614457401295), 'depth': 4, 'iterations': 3926, 'l2_leaf_reg': 3, 'learning_rate': np.float64(0.021306958378245196), 'loss_function': 'Huber', 'one_hot_max_size': 10, 'random_strength': 2}",,215
"{'bagging_temperature': np.float64(0.8957635956735194), 'depth': 4, 'iterations': 1563, 'l2_leaf_reg': 4, 'learning_rate': np.float64(0.15162513677579237), 'loss_function': 'Huber', 'one_hot_max_size': 20, 'random_strength': 1}",,215
"{'bagging_temperature': np.float64(0.8021969807540397), 'depth': 4, 'iterations': 3568, 'l2_leaf_reg': 8, 'learning_rate': np.float64(0.03264019163413773), 'loss_function': 'Huber', 'one_hot_max_size': 20, 'random_strength': 5}",,215
"{'bagging_temperature': np.float64(0.2797035384714792), 'depth': 13, 'iterations': 1310, 'l2_leaf_reg': 6, 'learning_rate': np.float64(0.15709289200436904), 'loss_function': 'Huber', 'one_hot_max_size': 20, 'random_strength': 2}",,215
"{'bagging_temperature': np.float64(0.07996539435930194), 'depth': 7, 'iterations': 2681, 'l2_leaf_reg': 6, 'learning_rate': np.float64(0.010009965955879937), 'loss_function': 'Huber', 'one_hot_max_size': 10, 'random_strength': 2}",,215
"{'bagging_temperature': np.float64(0.16068137325955567), 'depth': 14, 'iterations': 3397, 'l2_leaf_reg': 8, 'learning_rate': np.float64(0.146797519273357), 'loss_function': 'Huber', 'one_hot_max_size': 20, 'random_strength': 5}",,215
"{'bagging_temperature': np.float64(0.3236792364042437), 'depth': 6, 'iterations': 1723, 'l2_leaf_reg': 1, 'learning_rate': np.float64(0.09075690355770646), 'loss_function': 'Huber', 'one_hot_max_size': 2, 'random_strength': 2}",,215
"{'bagging_temperature': np.float64(0.6061887135611715), 'depth': 5, 'iterations': 3979, 'l2_leaf_reg': 6, 'learning_rate': np.float64(0.07115194841797175), 'loss_function': 'Huber', 'one_hot_max_size': 20, 'random_strength': 2}",,215
"{'bagging_temperature': np.float64(0.7734731256866006), 'depth': 11, 'iterations': 1300, 'l2_leaf_reg': 7, 'learning_rate': np.float64(0.038939807931813994), 'loss_function': 'Huber', 'one_hot_max_size': 10, 'random_strength': 5}",,215
"{'bagging_temperature': np.float64(0.35673205304000166), 'depth': 8, 'iterations': 3352, 'l2_leaf_reg': 1, 'learning_rate': np.float64(0.08274234335763195), 'loss_function': 'Huber', 'one_hot_max_size': 20, 'random_strength': 2}",,215
"{'bagging_temperature': np.float64(0.03934354066850965), 'depth': 10, 'iterations': 2058, 'l2_leaf_reg': 6, 'learning_rate': np.float64(0.017147427632838257), 'loss_function': 'Huber', 'one_hot_max_size': 2, 'random_strength': 1}",,215
"{'bagging_temperature': np.float64(0.5072348086883924), 'depth': 13, 'iterations': 1275, 'l2_leaf_reg': 5, 'learning_rate': np.float64(0.04210760089867614), 'loss_function': 'Huber', 'one_hot_max_size': 20, 'random_strength': 2}",,215
"{'bagging_temperature': np.float64(0.7474709381337565), 'depth': 14, 'iterations': 2335, 'l2_leaf_reg': 3, 'learning_rate': np.float64(0.08474014613903201), 'loss_function': 'Huber', 'one_hot_max_size': 20, 'random_strength': 2}",,215
"{'bagging_temperature': np.float64(0.6334008543167258), 'depth': 14, 'iterations': 2906, 'l2_leaf_reg': 9, 'learning_rate': np.float64(0.039685223216800174), 'loss_function': 'Huber', 'one_hot_max_size': 20, 'random_strength': 2}",,215
"{'bagging_temperature': np.float64(0.5609379715353863), 'depth': 14, 'iterations': 2848, 'l2_leaf_reg': 1, 'learning_rate': np.float64(0.014940248877174581), 'loss_function': 'Huber', 'one_hot_max_size': 20, 'random_strength': 5}",,215
"{'bagging_temperature': np.float64(0.16483426113700095), 'depth': 11, 'iterations': 2824, 'l2_leaf_reg': 6, 'learning_rate': np.float64(0.11338463241114453), 'loss_function': 'Huber', 'one_hot_max_size': 2, 'random_strength': 5}",,215
"{'bagging_temperature': np.float64(0.8782206674791923), 'depth': 11, 'iterations': 2823, 'l2_leaf_reg': 2, 'learning_rate': np.float64(0.029240206777451604), 'loss_function': 'Huber', 'one_hot_max_size': 10, 'random_strength': 2}",,215
"{'bagging_temperature': np.float64(0.7154909070992744), 'depth': 14, 'iterations': 2004, 'l2_leaf_reg': 5, 'learning_rate': np.float64(0.017976826704233558), 'loss_function': 'Huber', 'one_hot_max_size': 50, 'random_strength': 5}",,215
"{'bagging_temperature': np.float64(0.4811453940562932), 'depth': 9, 'iterations': 3286, 'l2_leaf_reg': 8, 'learning_rate': np.float64(0.1369468330690348), 'loss_function': 'Huber', 'one_hot_max_size': 50, 'random_strength': 1}",,215
"{'bagging_temperature': np.float64(0.6976675736969318), 'depth': 7, 'iterations': 1359, 'l2_leaf_reg': 4, 'learning_rate': np.float64(0.0281658916395005), 'loss_function': 'Huber', 'one_hot_max_size': 50, 'random_strength': 5}",,215
"{'bagging_temperature': np.float64(0.08692028808742369), 'depth': 9, 'iterations': 3081, 'l2_leaf_reg': 8, 'learning_rate': np.float64(0.05795623890856001), 'loss_function': 'Huber', 'one_hot_max_size': 10, 'random_strength': 1}",,215
"{'bagging_temperature': np.float64(0.8911431136980711), 'depth': 9, 'iterations': 1202, 'l2_leaf_reg': 5, 'learning_rate': np.float64(0.021337709450156346), 'loss_function': 'Huber', 'one_hot_max_size': 50, 'random_strength': 1}",,215
"{'bagging_temperature': np.float64(0.24414729042237426), 'depth': 13, 'iterations': 1302, 'l2_leaf_reg': 8, 'learning_rate': np.float64(0.09996932172285408), 'loss_function': 'Huber', 'one_hot_max_size': 50, 'random_strength': 1}",,215
"{'bagging_temperature': np.float64(0.23754413087432746), 'depth': 4, 'iterations': 3338, 'l2_leaf_reg': 6, 'learning_rate': np.float64(0.012451741393826606), 'loss_function': 'Huber', 'one_hot_max_size': 50, 'random_strength': 2}",,215
"{'bagging_temperature': np.float64(0.37798759012225447), 'depth': 10, 'iterations': 1090, 'l2_leaf_reg': 10, 'learning_rate': np.float64(0.15107557007532232), 'loss_function': 'Huber', 'one_hot_max_size': 10, 'random_strength': 5}",,215
"{'bagging_temperature': np.float64(0.09128667678613356), 'depth': 10, 'iterations': 2819, 'l2_leaf_reg': 4, 'learning_rate': np.float64(0.055726259513563844), 'loss_function': 'Huber', 'one_hot_max_size': 50, 'random_strength': 1}",,215
"{'bagging_temperature': np.float64(0.38539662096556504), 'depth': 13, 'iterations': 2625, 'l2_leaf_reg': 2, 'learning_rate': np.float64(0.021835915295039695), 'loss_function': 'Huber', 'one_hot_max_size': 50, 'random_strength': 2}",,215
"{'bagging_temperature': np.float64(0.7896181427945539), 'depth': 8, 'iterations': 2065, 'l2_leaf_reg': 10, 'learning_rate': np.float64(0.011881893990078152), 'loss_function': 'Huber', 'one_hot_max_size': 10, 'random_strength': 1}",,215
"{'bagging_temperature': np.float64(0.23668519368207874), 'depth': 10, 'iterations': 1216, 'l2_leaf_reg': 4, 'learning_rate': np.float64(0.028552519971882382), 'loss_function': 'Huber', 'one_hot_max_size': 20, 'random_strength': 1}",,215
"{'bagging_temperature': np.float64(0.07056874740042984), 'depth': 10, 'iterations': 3305, 'l2_leaf_reg': 1, 'learning_rate': np.float64(0.1343543786419555), 'loss_function': 'Huber', 'one_hot_max_size': 50, 'random_strength': 10}",,215
"{'bagging_temperature': np.float64(0.6771683423829817), 'depth': 6, 'iterations': 3427, 'l2_leaf_reg': 1, 'learning_rate': np.float64(0.03946396852973966), 'loss_function': 'Huber', 'one_hot_max_size': 20, 'random_strength': 1}",,215
"{'bagging_temperature': np.float64(0.7407686177542044), 'depth': 4, 'iterations': 1245, 'l2_leaf_reg': 7, 'learning_rate': np.float64(0.024097489287059695), 'loss_function': 'Huber', 'one_hot_max_size': 10, 'random_strength': 5}",,215
"{'bagging_temperature': np.float64(0.07094091699992766), 'depth': 6, 'iterations': 3518, 'l2_leaf_reg': 2, 'learning_rate': np.float64(0.013251752704998034), 'loss_function': 'Huber', 'one_hot_max_size': 20, 'random_strength': 2}",,215
"{'bagging_temperature': np.float64(0.1918673247187429), 'depth': 11, 'iterations': 2376, 'l2_leaf_reg': 11, 'learning_rate': np.float64(0.027988684267762916), 'loss_function': 'Huber', 'one_hot_max_size': 50, 'random_strength': 1}",,215
"{'bagging_temperature': np.float64(0.8191888594267902), 'depth': 9, 'iterations': 2243, 'l2_leaf_reg': 9, 'learning_rate': np.float64(0.10781633337266665), 'loss_function': 'Huber', 'one_hot_max_size': 10, 'random_strength': 10}",,215
"{'bagging_temperature': np.float64(0.12188609333694755), 'depth': 14, 'iterations': 2286, 'l2_leaf_reg': 10, 'learning_rate': np.float64(0.109784036598349), 'loss_function': 'Huber', 'one_hot_max_size': 20, 'random_strength': 5}",,215
"{'bagging_temperature': np.float64(0.3374468338719181), 'depth': 7, 'iterations': 2305, 'l2_leaf_reg': 2, 'learning_rate': np.float64(0.020792695080382693), 'loss_function': 'Huber', 'one_hot_max_size': 2, 'random_strength': 2}",,215
"{'bagging_temperature': np.float64(0.50881407683876), 'depth': 9, 'iterations': 2045, 'l2_leaf_reg': 6, 'learning_rate': np.float64(0.1877452556617082), 'loss_function': 'Huber', 'one_hot_max_size': 10, 'random_strength': 10}",,215
"{'bagging_temperature': np.float64(0.32595890520188475), 'depth': 7, 'iterations': 3450, 'l2_leaf_reg': 10, 'learning_rate': np.float64(0.04637121010589463), 'loss_function': 'Huber', 'one_hot_max_size': 50, 'random_strength': 10}",,215
"{'bagging_temperature': np.float64(0.489452760277563), 'depth': 9, 'iterations': 2439, 'l2_leaf_reg': 7, 'learning_rate': np.float64(0.07489770465258357), 'loss_function': 'Huber', 'one_hot_max_size': 50, 'random_strength': 5}",,215
"{'bagging_temperature': np.float64(0.8083973481164611), 'depth': 12, 'iterations': 3612, 'l2_leaf_reg': 2, 'learning_rate': np.float64(0.07766184280392888), 'loss_function': 'Huber', 'one_hot_max_size': 50, 'random_strength': 5}",,215
"{'bagging_temperature': np.float64(0.43194501864211576), 'depth': 4, 'iterations': 1474, 'l2_leaf_reg': 11, 'learning_rate': np.float64(0.03313073862781126), 'loss_function': 'Huber', 'one_hot_max_size': 10, 'random_strength': 2}",,215
"{'bagging_temperature': np.float64(0.3745401188473625), 'depth': 14, 'iterations': 2095, 'l2_leaf_reg': 5, 'learning_rate': np.float64(0.015958237752949748), 'loss_function': 'Huber', 'one_hot_max_size': 20, 'random_strength': 5}",,215
